John 1	Doe 1
John 2	Doe 2
John 2	Doe 2
John 2	Doe 2
John 2	Doe 2
John 2	Doe 2
John 2	Doe 2
John 21	Doe 21
John 21	Doe 21
John 23	Doe 23
John 24	Doe 24
John 25	Doe 25
John 26	Doe 26
John 27	Doe 27
John 28	Doe 28
John 28	Doe 28
John 28	Doe 28
John 29	Doe 29
John 30	Doe 30
John 31	Doe 31
John 31	Doe 31
John 32	Doe 32
John 33	Doe 33
John 34	Doe 34
John 35	Doe 35
John 36	Doe 36
John 37	Doe 37
John 38	Doe 38
John 39	Doe 39
John 40	Doe 40
John 49	Doe 49
John 50	Doe 50
John 51	Doe 51
John 52	Doe 52
John 53	Doe 53
John 54	Doe 54
John 55	Doe 55
John 56	Doe 56
John 57	Doe 57
John 58	Doe 58
John 59	Doe 59
John 60	Doe 60
John 61	Doe 61
John 62	Doe 62
John 63	Doe 63
John 64	Doe 64
John 65	Doe 65
John 66	Doe 66
John 67	Doe 67
John 68	Doe 68
John 69	Doe 69
John 70	Doe 70
John 70	Doe 70
John 71	Doe 71
John 71	Doe 71
